{
  "temp_mu": [
    23.73811149597168,
    23.738767623901367,
    1.4453564882278442,
    20.99183464050293,
    26.48465347290039,
    59.40305709838867,
    59.40407180786133,
    3.6728384494781494,
    51.88671112060547,
    66.94107055664062,
    6.050175189971924,
    6.010477542877197,
    0.27457723021507263,
    5.568570137023926,
    6.560284614562988,
    1.1801142692565918,
    1.0597150325775146,
    0.21172656118869781,
    0.6860148906707764,
    1.4787957668304443,
    670.4525146484375,
    670.4871215820312,
    68.3711166381836,
    523.74609375,
    861.6764526367188,
    1.4987488985061646,
    0.5574817657470703,
    23.750911712646484,
    2.253448009490967
  ],
  "temp_sigma": [
    2.1296277046203613,
    2.129833221435547,
    0.009222865104675293,
    2.135411024093628,
    2.135575532913208,
    9.957788467407227,
    9.95262336730957,
    0.030355773866176605,
    9.967792510986328,
    9.989591598510742,
    0.5887954831123352,
    0.5381828546524048,
    0.05024339258670807,
    0.5312213897705078,
    0.5340980887413025,
    0.7119481563568115,
    0.7061197757720947,
    0.011213285848498344,
    0.6487054824829102,
    0.7125112414360046,
    209.4093017578125,
    209.58035278320312,
    0.9564512372016907,
    201.8582000732422,
    209.77577209472656,
    1.1176642179489136,
    0.24428975582122803,
    0.598143458366394,
    0.3059925436973572
  ],
  "humidity_mu": [
    23.737655639648438,
    23.738277435302734,
    1.4453591108322144,
    20.991392135620117,
    26.484020233154297,
    59.40592956542969,
    59.40690612792969,
    3.672861337661743,
    51.8895149230957,
    66.944580078125,
    6.050468921661377,
    6.010778903961182,
    0.2745606005191803,
    5.568924903869629,
    6.560636520385742,
    1.1794002056121826,
    1.059013843536377,
    0.2117106020450592,
    0.6854432225227356,
    1.478063702583313,
    670.274169921875,
    670.3080444335938,
    68.3718490600586,
    523.5640258789062,
    861.4976196289062,
    1.5,
    0.5575760006904602,
    59.39356231689453,
    9.342069625854492
  ],
  "humidity_sigma": [
    2.1287994384765625,
    2.129013776779175,
    0.009219448082149029,
    2.1345760822296143,
    2.134799003601074,
    9.954133987426758,
    9.948954582214355,
    0.030353540554642677,
    9.964115142822266,
    9.98617172241211,
    0.588638186454773,
    0.5380598306655884,
    0.05022573471069336,
    0.531141459941864,
    0.5340152978897095,
    0.7120809555053711,
    0.7062430381774902,
    0.011222229339182377,
    0.6487364768981934,
    0.7126650214195251,
    209.41305541992188,
    209.5847625732422,
    0.956391453742981,
    201.87216186523438,
    209.77981567382812,
    1.1180340051651,
    0.24420984089374542,
    8.390876770019531,
    1.3274614810943604
  ],
  "ph_mu": [
    23.739320755004883,
    23.73997688293457,
    1.4453749656677246,
    20.99285125732422,
    26.48555564880371,
    59.38791275024414,
    59.38911056518555,
    3.672767162322998,
    51.872196197509766,
    66.92652893066406,
    6.050651550292969,
    6.010385990142822,
    0.27448970079421997,
    5.5686140060424805,
    6.560306072235107,
    1.1791704893112183,
    1.058804988861084,
    0.21169377863407135,
    0.6853505969047546,
    1.4779030084609985,
    670.2164306640625,
    670.2539672851562,
    68.37205505371094,
    523.5338134765625,
    861.4729614257812,
    1.5025084018707275,
    0.5578939318656921,
    6.076077938079834,
    0.22435352206230164
  ],
  "ph_sigma": [
    2.1298506259918213,
    2.130059003829956,
    0.00921106617897749,
    2.1357455253601074,
    2.136317014694214,
    9.951557159423828,
    9.946457862854004,
    0.03035776875913143,
    9.9627103805542,
    9.983251571655273,
    0.5896122455596924,
    0.5385528802871704,
    0.05004904046654701,
    0.5317170023918152,
    0.5345934629440308,
    0.7125654220581055,
    0.7067134976387024,
    0.011237157508730888,
    0.6490489840507507,
    0.7131758332252502,
    209.4877166748047,
    209.6619415283203,
    0.957359790802002,
    201.91334533691406,
    209.87319946289062,
    1.118033766746521,
    0.24440039694309235,
    0.10421707481145859,
    0.03150928020477295
  ],
  "ec_mu": [
    23.737077713012695,
    23.737709045410156,
    1.4453670978546143,
    20.990737915039062,
    26.48358726501465,
    59.40946960449219,
    59.41039276123047,
    3.6728556156158447,
    51.8929557800293,
    66.9482421875,
    6.050607681274414,
    6.010729789733887,
    0.2745172679424286,
    5.568916320800781,
    6.560624599456787,
    1.1787078380584717,
    1.0583281517028809,
    0.21170563995838165,
    0.6848050951957703,
    1.4773857593536377,
    670.0752563476562,
    670.109619140625,
    68.37062072753906,
    523.3660888671875,
    861.294921875,
    1.4995830059051514,
    0.5577074289321899,
    1.0490000247955322,
    0.2996123433113098
  ],
  "ec_sigma": [
    2.1295933723449707,
    2.1298093795776367,
    0.009219171479344368,
    2.135347366333008,
    2.1356360912323,
    9.957529067993164,
    9.952369689941406,
    0.030365558341145515,
    9.96755599975586,
    9.989527702331543,
    0.5888633728027344,
    0.5382819175720215,
    0.05022425577044487,
    0.5313629508018494,
    0.5342377424240112,
    0.711974024772644,
    0.706138014793396,
    0.011225597001612186,
    0.6486322283744812,
    0.7125751972198486,
    209.3868865966797,
    209.5594024658203,
    0.9558428525924683,
    201.83998107910156,
    209.74986267089844,
    1.1184067726135254,
    0.24426910281181335,
    0.6986659169197083,
    0.10282346606254578
  ],
  "trained_setpoints": [
    "temp",
    "humidity",
    "ph",
    "ec"
  ]
}